"LOCATION","INDICATOR","SUBJECT","MEASURE","FREQUENCY","TIME","Value","Flag Codes"
"AUS","BOP","TOT","PC_GDP","A","1970",-1.530206,
"AUS","BOP","TOT","PC_GDP","A","1971",-1.307302,
"AUS","BOP","TOT","PC_GDP","A","1972",1.262492,
"AUS","BOP","TOT","PC_GDP","A","1973",1.150954,
"AUS","BOP","TOT","PC_GDP","A","1974",-2.661924,
"AUS","BOP","TOT","PC_GDP","A","1975",-0.7160975,
"AUS","BOP","TOT","PC_GDP","A","1976",-1.417478,
"AUS","BOP","TOT","PC_GDP","A","1977",-2.468114,
"AUS","BOP","TOT","PC_GDP","A","1978",-3.251158,
"AUS","BOP","TOT","PC_GDP","A","1979",-1.551736,
"AUS","BOP","TOT","PC_GDP","A","1980",-2.422135,
"AUS","BOP","TOT","PC_GDP","A","1981",-4.097722,
"AUS","BOP","TOT","PC_GDP","A","1982",-4.203238,
"AUS","BOP","TOT","PC_GDP","A","1983",-3.222458,
"AUS","BOP","TOT","PC_GDP","A","1984",-4.210837,
"AUS","BOP","TOT","PC_GDP","A","1985",-4.905509,
"AUS","BOP","TOT","PC_GDP","A","1986",-5.118407,
"AUS","BOP","TOT","PC_GDP","A","1987",-3.42489,
"AUS","BOP","TOT","PC_GDP","A","1988",-3.823421,
"AUS","BOP","TOT","PC_GDP","A","1989",-6.01463,
"AUS","BOP","TOT","PC_GDP","A","1990",-4.871502,
"AUS","BOP","TOT","PC_GDP","A","1991",-3.296791,
"AUS","BOP","TOT","PC_GDP","A","1992",-3.271449,
"AUS","BOP","TOT","PC_GDP","A","1993",-3.039519,
"AUS","BOP","TOT","PC_GDP","A","1994",-4.521011,
"AUS","BOP","TOT","PC_GDP","A","1995",-5.012712,
"AUS","BOP","TOT","PC_GDP","A","1996",-3.47599,
"AUS","BOP","TOT","PC_GDP","A","1997",-2.917421,
"AUS","BOP","TOT","PC_GDP","A","1998",-4.912191,
"AUS","BOP","TOT","PC_GDP","A","1999",-5.490392,
"AUS","BOP","TOT","PC_GDP","A","2000",-4.112046,
"AUS","BOP","TOT","PC_GDP","A","2001",-2.25093,
"AUS","BOP","TOT","PC_GDP","A","2002",-3.799175,
"AUS","BOP","TOT","PC_GDP","A","2003",-5.35292,
"AUS","BOP","TOT","PC_GDP","A","2004",-6.309366,
"AUS","BOP","TOT","PC_GDP","A","2005",-5.955003,
"AUS","BOP","TOT","PC_GDP","A","2006",-5.866936,
"AUS","BOP","TOT","PC_GDP","A","2007",-6.712269,
"AUS","BOP","TOT","PC_GDP","A","2008",-4.779196,
"AUS","BOP","TOT","PC_GDP","A","2009",-4.659173,
"AUS","BOP","TOT","PC_GDP","A","2010",-3.676076,
"AUS","BOP","TOT","PC_GDP","A","2011",-3.082012,
"AUS","BOP","TOT","PC_GDP","A","2012",-4.296255,
"AUS","BOP","TOT","PC_GDP","A","2013",-3.383572,
"AUS","BOP","TOT","PC_GDP","A","2014",-3.069861,
"AUS","BOP","TOT","PC_GDP","A","2015",-4.615476,
"AUS","BOP","TOT","PC_GDP","A","2016",-3.300064,
"AUS","BOP","TOT","PC_GDP","A","2017",-2.578533,
"AUS","BOP","TOT","PC_GDP","A","2018",-2.097328,
"AUS","BOP","TOT","PC_GDP","A","2019",0.6997513,
"AUS","BOP","TOT","PC_GDP","A","2020",2.676062,
"AUT","BOP","TOT","PC_GDP","A","1995",-2.859428,
"AUT","BOP","TOT","PC_GDP","A","1996",-2.837173,
"AUT","BOP","TOT","PC_GDP","A","1997",-2.54446,
"AUT","BOP","TOT","PC_GDP","A","1998",-1.867106,
"AUT","BOP","TOT","PC_GDP","A","1999",-2.260479,
"AUT","BOP","TOT","PC_GDP","A","2000",-0.7078437,
"AUT","BOP","TOT","PC_GDP","A","2001",-0.7958279,
"AUT","BOP","TOT","PC_GDP","A","2002",2.10157,
"AUT","BOP","TOT","PC_GDP","A","2003",1.546607,
"AUT","BOP","TOT","PC_GDP","A","2004",2.075526,
"AUT","BOP","TOT","PC_GDP","A","2005",2.257994,
"AUT","BOP","TOT","PC_GDP","A","2006",3.294322,
"AUT","BOP","TOT","PC_GDP","A","2007",3.802408,
"AUT","BOP","TOT","PC_GDP","A","2008",4.48969,
"AUT","BOP","TOT","PC_GDP","A","2009",2.596825,
"AUT","BOP","TOT","PC_GDP","A","2010",2.855051,
"AUT","BOP","TOT","PC_GDP","A","2011",1.630936,
"AUT","BOP","TOT","PC_GDP","A","2012",1.48249,
"AUT","BOP","TOT","PC_GDP","A","2013",1.942205,
"AUT","BOP","TOT","PC_GDP","A","2014",2.47369,
"AUT","BOP","TOT","PC_GDP","A","2015",1.725394,
"AUT","BOP","TOT","PC_GDP","A","2016",2.723933,
"AUT","BOP","TOT","PC_GDP","A","2017",1.373991,
"AUT","BOP","TOT","PC_GDP","A","2018",0.9044586,
"AUT","BOP","TOT","PC_GDP","A","2019",2.092481,
"AUT","BOP","TOT","PC_GDP","A","2020",1.899185,
"BEL","BOP","TOT","PC_GDP","A","2003",3.536678,
"BEL","BOP","TOT","PC_GDP","A","2004",3.285059,
"BEL","BOP","TOT","PC_GDP","A","2005",2.108495,
"BEL","BOP","TOT","PC_GDP","A","2006",1.915291,
"BEL","BOP","TOT","PC_GDP","A","2007",1.967894,
"BEL","BOP","TOT","PC_GDP","A","2008",-1.00719,
"BEL","BOP","TOT","PC_GDP","A","2009",1.602154,
"BEL","BOP","TOT","PC_GDP","A","2010",1.63303,
"BEL","BOP","TOT","PC_GDP","A","2011",-1.951634,
"BEL","BOP","TOT","PC_GDP","A","2012",-0.07570107,
"BEL","BOP","TOT","PC_GDP","A","2013",0.9461359,
"BEL","BOP","TOT","PC_GDP","A","2014",0.7703456,
"BEL","BOP","TOT","PC_GDP","A","2015",1.3795,
"BEL","BOP","TOT","PC_GDP","A","2016",0.5619566,
"BEL","BOP","TOT","PC_GDP","A","2017",0.7003562,
"BEL","BOP","TOT","PC_GDP","A","2018",-0.8062756,
"BEL","BOP","TOT","PC_GDP","A","2019",0.1471882,
"BEL","BOP","TOT","PC_GDP","A","2020",0.8371157,"P"
"CAN","BOP","TOT","PC_GDP","A","1981",-4.183425,
"CAN","BOP","TOT","PC_GDP","A","1982",0.4816089,
"CAN","BOP","TOT","PC_GDP","A","1983",-0.8212271,
"CAN","BOP","TOT","PC_GDP","A","1984",-0.4699739,
"CAN","BOP","TOT","PC_GDP","A","1985",-1.644692,
"CAN","BOP","TOT","PC_GDP","A","1986",-3.060685,
"CAN","BOP","TOT","PC_GDP","A","1987",-3.205224,
"CAN","BOP","TOT","PC_GDP","A","1988",-3.061018,
"CAN","BOP","TOT","PC_GDP","A","1989",-3.950574,
"CAN","BOP","TOT","PC_GDP","A","1990",-3.433708,
"CAN","BOP","TOT","PC_GDP","A","1991",-3.729068,
"CAN","BOP","TOT","PC_GDP","A","1992",-3.61099,
"CAN","BOP","TOT","PC_GDP","A","1993",-3.832772,
"CAN","BOP","TOT","PC_GDP","A","1994",-2.386082,
"CAN","BOP","TOT","PC_GDP","A","1995",-0.8276169,
"CAN","BOP","TOT","PC_GDP","A","1996",0.4172089,
"CAN","BOP","TOT","PC_GDP","A","1997",-1.329936,
"CAN","BOP","TOT","PC_GDP","A","1998",-1.340545,
"CAN","BOP","TOT","PC_GDP","A","1999",0.1712765,
"CAN","BOP","TOT","PC_GDP","A","2000",2.542115,
"CAN","BOP","TOT","PC_GDP","A","2001",2.207457,
"CAN","BOP","TOT","PC_GDP","A","2002",1.744638,
"CAN","BOP","TOT","PC_GDP","A","2003",1.225632,
"CAN","BOP","TOT","PC_GDP","A","2004",2.344628,
"CAN","BOP","TOT","PC_GDP","A","2005",1.903751,
"CAN","BOP","TOT","PC_GDP","A","2006",1.446402,
"CAN","BOP","TOT","PC_GDP","A","2007",0.826268,
"CAN","BOP","TOT","PC_GDP","A","2008",0.1249234,
"CAN","BOP","TOT","PC_GDP","A","2009",-2.90986,
"CAN","BOP","TOT","PC_GDP","A","2010",-3.565923,
"CAN","BOP","TOT","PC_GDP","A","2011",-2.716895,
"CAN","BOP","TOT","PC_GDP","A","2012",-3.533229,
"CAN","BOP","TOT","PC_GDP","A","2013",-3.142545,
"CAN","BOP","TOT","PC_GDP","A","2014",-2.319554,
"CAN","BOP","TOT","PC_GDP","A","2015",-3.495822,
"CAN","BOP","TOT","PC_GDP","A","2016",-3.097635,
"CAN","BOP","TOT","PC_GDP","A","2017",-2.800915,
"CAN","BOP","TOT","PC_GDP","A","2018",-2.343478,
"CAN","BOP","TOT","PC_GDP","A","2019",-2.056113,
"CAN","BOP","TOT","PC_GDP","A","2020",-1.815388,
"CZE","BOP","TOT","PC_GDP","A","1995",-2.276872,
"CZE","BOP","TOT","PC_GDP","A","1996",-6.104141,
"CZE","BOP","TOT","PC_GDP","A","1997",-5.786894,
"CZE","BOP","TOT","PC_GDP","A","1998",-1.882871,
"CZE","BOP","TOT","PC_GDP","A","1999",-2.251455,
"CZE","BOP","TOT","PC_GDP","A","2000",-4.386143,
"CZE","BOP","TOT","PC_GDP","A","2001",-4.856486,
"CZE","BOP","TOT","PC_GDP","A","2002",-5.071005,
"CZE","BOP","TOT","PC_GDP","A","2003",-5.676173,
"CZE","BOP","TOT","PC_GDP","A","2004",-3.757173,
"CZE","BOP","TOT","PC_GDP","A","2005",-2.112085,
"CZE","BOP","TOT","PC_GDP","A","2006",-2.442245,
"CZE","BOP","TOT","PC_GDP","A","2007",-4.582457,
"CZE","BOP","TOT","PC_GDP","A","2008",-1.869584,
"CZE","BOP","TOT","PC_GDP","A","2009",-2.252011,
"CZE","BOP","TOT","PC_GDP","A","2010",-3.541198,
"CZE","BOP","TOT","PC_GDP","A","2011",-2.094445,
"CZE","BOP","TOT","PC_GDP","A","2012",-1.548781,
"CZE","BOP","TOT","PC_GDP","A","2013",-0.5392362,
"CZE","BOP","TOT","PC_GDP","A","2014",0.1923677,
"CZE","BOP","TOT","PC_GDP","A","2015",0.4471171,
"CZE","BOP","TOT","PC_GDP","A","2016",1.789554,
"CZE","BOP","TOT","PC_GDP","A","2017",1.565452,
"CZE","BOP","TOT","PC_GDP","A","2018",0.4378902,
"CZE","BOP","TOT","PC_GDP","A","2019",0.3342417,
"CZE","BOP","TOT","PC_GDP","A","2020",3.53121,
"DNK","BOP","TOT","PC_GDP","A","2005",4.190992,
"DNK","BOP","TOT","PC_GDP","A","2006",3.330456,
"DNK","BOP","TOT","PC_GDP","A","2007",1.429694,
"DNK","BOP","TOT","PC_GDP","A","2008",2.916198,
"DNK","BOP","TOT","PC_GDP","A","2009",3.465121,
"DNK","BOP","TOT","PC_GDP","A","2010",6.552451,
"DNK","BOP","TOT","PC_GDP","A","2011",6.584787,
"DNK","BOP","TOT","PC_GDP","A","2012",6.277397,
"DNK","BOP","TOT","PC_GDP","A","2013",7.756149,
"DNK","BOP","TOT","PC_GDP","A","2014",8.914833,
"DNK","BOP","TOT","PC_GDP","A","2015",8.247454,
"DNK","BOP","TOT","PC_GDP","A","2016",7.762959,
"DNK","BOP","TOT","PC_GDP","A","2017",8.009749,
"DNK","BOP","TOT","PC_GDP","A","2018",7.264104,
"DNK","BOP","TOT","PC_GDP","A","2019",8.743905,
"DNK","BOP","TOT","PC_GDP","A","2020",8.259753,
"FIN","BOP","TOT","PC_GDP","A","1995",4.159308,
"FIN","BOP","TOT","PC_GDP","A","1996",3.862732,
"FIN","BOP","TOT","PC_GDP","A","1997",5.121835,
"FIN","BOP","TOT","PC_GDP","A","1998",5.113034,
"FIN","BOP","TOT","PC_GDP","A","1999",5.156885,
"FIN","BOP","TOT","PC_GDP","A","2000",7.53102,
"FIN","BOP","TOT","PC_GDP","A","2001",8.049759,
"FIN","BOP","TOT","PC_GDP","A","2002",8.214162,
"FIN","BOP","TOT","PC_GDP","A","2003",4.640044,
"FIN","BOP","TOT","PC_GDP","A","2004",5.759859,
"FIN","BOP","TOT","PC_GDP","A","2005",3.034443,
"FIN","BOP","TOT","PC_GDP","A","2006",3.929756,
"FIN","BOP","TOT","PC_GDP","A","2007",4.022627,
"FIN","BOP","TOT","PC_GDP","A","2008",2.539659,
"FIN","BOP","TOT","PC_GDP","A","2009",1.990404,
"FIN","BOP","TOT","PC_GDP","A","2010",1.497162,
"FIN","BOP","TOT","PC_GDP","A","2011",-1.432026,
"FIN","BOP","TOT","PC_GDP","A","2012",-2.051764,
"FIN","BOP","TOT","PC_GDP","A","2013",-1.796993,
"FIN","BOP","TOT","PC_GDP","A","2014",-1.333068,
"FIN","BOP","TOT","PC_GDP","A","2015",-0.9360397,
"FIN","BOP","TOT","PC_GDP","A","2016",-1.998111,
"FIN","BOP","TOT","PC_GDP","A","2017",-0.8047681,
"FIN","BOP","TOT","PC_GDP","A","2018",-1.845226,
"FIN","BOP","TOT","PC_GDP","A","2019",-0.3102736,
"FIN","BOP","TOT","PC_GDP","A","2020",0.8426537,
"FRA","BOP","TOT","PC_GDP","A","1999",3.419656,
"FRA","BOP","TOT","PC_GDP","A","2000",1.10629,
"FRA","BOP","TOT","PC_GDP","A","2001",1.573399,
"FRA","BOP","TOT","PC_GDP","A","2002",1.14917,
"FRA","BOP","TOT","PC_GDP","A","2003",0.8329057,
"FRA","BOP","TOT","PC_GDP","A","2004",0.5373567,
"FRA","BOP","TOT","PC_GDP","A","2005",0.1050208,
"FRA","BOP","TOT","PC_GDP","A","2006",0.2501101,
"FRA","BOP","TOT","PC_GDP","A","2007",-0.09650147,
"FRA","BOP","TOT","PC_GDP","A","2008",-0.6957827,
"FRA","BOP","TOT","PC_GDP","A","2009",-0.5506197,
"FRA","BOP","TOT","PC_GDP","A","2010",-0.6342542,
"FRA","BOP","TOT","PC_GDP","A","2011",-0.8648805,
"FRA","BOP","TOT","PC_GDP","A","2012",-0.9653637,
"FRA","BOP","TOT","PC_GDP","A","2013",-0.5095634,
"FRA","BOP","TOT","PC_GDP","A","2014",-0.9576243,
"FRA","BOP","TOT","PC_GDP","A","2015",-0.3659034,
"FRA","BOP","TOT","PC_GDP","A","2016",-0.4868888,
"FRA","BOP","TOT","PC_GDP","A","2017",-0.7700541,
"FRA","BOP","TOT","PC_GDP","A","2018",-0.8341202,
"FRA","BOP","TOT","PC_GDP","A","2019",-0.2918969,
"FRA","BOP","TOT","PC_GDP","A","2020",-1.873646,
"DEU","BOP","TOT","PC_GDP","A","1991",-1.42505,
"DEU","BOP","TOT","PC_GDP","A","1992",-1.18321,
"DEU","BOP","TOT","PC_GDP","A","1993",-1.034907,
"DEU","BOP","TOT","PC_GDP","A","1994",-1.497207,
"DEU","BOP","TOT","PC_GDP","A","1995",-1.244994,
"DEU","BOP","TOT","PC_GDP","A","1996",-0.6757256,
"DEU","BOP","TOT","PC_GDP","A","1997",-0.5144359,
"DEU","BOP","TOT","PC_GDP","A","1998",-0.7110014,
"DEU","BOP","TOT","PC_GDP","A","1999",-1.425802,
"DEU","BOP","TOT","PC_GDP","A","2000",-1.759744,
"DEU","BOP","TOT","PC_GDP","A","2001",-0.370523,
"DEU","BOP","TOT","PC_GDP","A","2002",1.884473,
"DEU","BOP","TOT","PC_GDP","A","2003",1.409211,
"DEU","BOP","TOT","PC_GDP","A","2004",4.534979,
"DEU","BOP","TOT","PC_GDP","A","2005",4.683032,
"DEU","BOP","TOT","PC_GDP","A","2006",5.761107,
"DEU","BOP","TOT","PC_GDP","A","2007",6.852893,
"DEU","BOP","TOT","PC_GDP","A","2008",5.693755,
"DEU","BOP","TOT","PC_GDP","A","2009",5.834871,
"DEU","BOP","TOT","PC_GDP","A","2010",5.754829,
"DEU","BOP","TOT","PC_GDP","A","2011",6.22304,
"DEU","BOP","TOT","PC_GDP","A","2012",7.127983,
"DEU","BOP","TOT","PC_GDP","A","2013",6.545025,
"DEU","BOP","TOT","PC_GDP","A","2014",7.191997,
"DEU","BOP","TOT","PC_GDP","A","2015",8.6064,
"DEU","BOP","TOT","PC_GDP","A","2016",8.525024,
"DEU","BOP","TOT","PC_GDP","A","2017",7.795833,
"DEU","BOP","TOT","PC_GDP","A","2018",7.837636,"P"
"DEU","BOP","TOT","PC_GDP","A","2019",7.432801,"P"
"DEU","BOP","TOT","PC_GDP","A","2020",6.918674,"P"
"GRC","BOP","TOT","PC_GDP","A","2002",-6.830385,
"GRC","BOP","TOT","PC_GDP","A","2003",-8.450858,
"GRC","BOP","TOT","PC_GDP","A","2004",-7.710263,
"GRC","BOP","TOT","PC_GDP","A","2005",-8.870605,
"GRC","BOP","TOT","PC_GDP","A","2006",-11.48619,
"GRC","BOP","TOT","PC_GDP","A","2007",-15.18772,
"GRC","BOP","TOT","PC_GDP","A","2008",-15.11258,
"GRC","BOP","TOT","PC_GDP","A","2009",-12.34601,
"GRC","BOP","TOT","PC_GDP","A","2010",-10.10646,"B"
"GRC","BOP","TOT","PC_GDP","A","2011",-8.769936,
"GRC","BOP","TOT","PC_GDP","A","2012",-3.536305,
"GRC","BOP","TOT","PC_GDP","A","2013",-1.440848,
"GRC","BOP","TOT","PC_GDP","A","2014",-0.7442933,
"GRC","BOP","TOT","PC_GDP","A","2015",-0.8159662,
"GRC","BOP","TOT","PC_GDP","A","2016",-1.75049,
"GRC","BOP","TOT","PC_GDP","A","2017",-1.922644,
"GRC","BOP","TOT","PC_GDP","A","2018",-2.910521,"P"
"GRC","BOP","TOT","PC_GDP","A","2019",-1.486805,"P"
"GRC","BOP","TOT","PC_GDP","A","2020",-6.612806,"P"
"HUN","BOP","TOT","PC_GDP","A","1995",-3.564968,
"HUN","BOP","TOT","PC_GDP","A","1996",-3.89573,
"HUN","BOP","TOT","PC_GDP","A","1997",-4.413472,
"HUN","BOP","TOT","PC_GDP","A","1998",-7.597684,
"HUN","BOP","TOT","PC_GDP","A","1999",-8.342775,
"HUN","BOP","TOT","PC_GDP","A","2000",-8.807711,
"HUN","BOP","TOT","PC_GDP","A","2001",-6.163886,
"HUN","BOP","TOT","PC_GDP","A","2002",-6.329955,
"HUN","BOP","TOT","PC_GDP","A","2003",-8.226937,
"HUN","BOP","TOT","PC_GDP","A","2004",-9.071214,
"HUN","BOP","TOT","PC_GDP","A","2005",-7.171299,
"HUN","BOP","TOT","PC_GDP","A","2006",-7.281432,
"HUN","BOP","TOT","PC_GDP","A","2007",-7.253485,
"HUN","BOP","TOT","PC_GDP","A","2008",-7.067214,
"HUN","BOP","TOT","PC_GDP","A","2009",-0.729887,
"HUN","BOP","TOT","PC_GDP","A","2010",0.2918715,
"HUN","BOP","TOT","PC_GDP","A","2011",0.5733115,
"HUN","BOP","TOT","PC_GDP","A","2012",1.572449,
"HUN","BOP","TOT","PC_GDP","A","2013",3.43685,
"HUN","BOP","TOT","PC_GDP","A","2014",1.145013,
"HUN","BOP","TOT","PC_GDP","A","2015",2.314696,
"HUN","BOP","TOT","PC_GDP","A","2016",4.526855,
"HUN","BOP","TOT","PC_GDP","A","2017",1.963338,
"HUN","BOP","TOT","PC_GDP","A","2018",0.2022256,
"HUN","BOP","TOT","PC_GDP","A","2019",-0.7036536,
"HUN","BOP","TOT","PC_GDP","A","2020",-1.593637,
"ISL","BOP","TOT","PC_GDP","A","1995",0.1864454,
"ISL","BOP","TOT","PC_GDP","A","1996",-2.454829,
"ISL","BOP","TOT","PC_GDP","A","1997",-2.348229,
"ISL","BOP","TOT","PC_GDP","A","1998",-7.378479,
"ISL","BOP","TOT","PC_GDP","A","1999",-7.145164,
"ISL","BOP","TOT","PC_GDP","A","2000",-10.1673,
"ISL","BOP","TOT","PC_GDP","A","2001",-4.619153,
"ISL","BOP","TOT","PC_GDP","A","2002",1.195325,
"ISL","BOP","TOT","PC_GDP","A","2003",-4.895543,
"ISL","BOP","TOT","PC_GDP","A","2004",-9.983467,
"ISL","BOP","TOT","PC_GDP","A","2005",-15.60897,
"ISL","BOP","TOT","PC_GDP","A","2006",-22.67075,
"ISL","BOP","TOT","PC_GDP","A","2007",-13.71594,
"ISL","BOP","TOT","PC_GDP","A","2008",-21.15538,
"ISL","BOP","TOT","PC_GDP","A","2009",-9.119623,
"ISL","BOP","TOT","PC_GDP","A","2010",-6.030678,
"ISL","BOP","TOT","PC_GDP","A","2011",-4.772297,
"ISL","BOP","TOT","PC_GDP","A","2012",-3.6608,
"ISL","BOP","TOT","PC_GDP","A","2013",6.232535,
"ISL","BOP","TOT","PC_GDP","A","2014",4.291858,
"ISL","BOP","TOT","PC_GDP","A","2015",5.603679,
"ISL","BOP","TOT","PC_GDP","A","2016",8.013625,
"ISL","BOP","TOT","PC_GDP","A","2017",4.229501,
"ISL","BOP","TOT","PC_GDP","A","2018",3.541259,
"ISL","BOP","TOT","PC_GDP","A","2019",5.833304,
"ISL","BOP","TOT","PC_GDP","A","2020",0.8817018,
"IRL","BOP","TOT","PC_GDP","A","2002",0.2471368,
"IRL","BOP","TOT","PC_GDP","A","2003",0.4925248,
"IRL","BOP","TOT","PC_GDP","A","2004",-0.09791355,
"IRL","BOP","TOT","PC_GDP","A","2005",-3.539848,
"IRL","BOP","TOT","PC_GDP","A","2006",-5.353289,
"IRL","BOP","TOT","PC_GDP","A","2007",-6.510549,
"IRL","BOP","TOT","PC_GDP","A","2008",-6.253104,
"IRL","BOP","TOT","PC_GDP","A","2009",-4.663233,
"IRL","BOP","TOT","PC_GDP","A","2010",-1.200862,
"IRL","BOP","TOT","PC_GDP","A","2011",-1.636035,
"IRL","BOP","TOT","PC_GDP","A","2012",-3.380381,
"IRL","BOP","TOT","PC_GDP","A","2013",1.552857,
"IRL","BOP","TOT","PC_GDP","A","2014",1.074724,
"IRL","BOP","TOT","PC_GDP","A","2015",4.39726,
"IRL","BOP","TOT","PC_GDP","A","2016",-4.210946,
"IRL","BOP","TOT","PC_GDP","A","2017",0.4910327,
"IRL","BOP","TOT","PC_GDP","A","2018",6.016081,
"IRL","BOP","TOT","PC_GDP","A","2019",-11.33241,
"IRL","BOP","TOT","PC_GDP","A","2020",4.541011,
"ITA","BOP","TOT","PC_GDP","A","1995",2.382625,
"ITA","BOP","TOT","PC_GDP","A","1996",3.291153,
"ITA","BOP","TOT","PC_GDP","A","1997",2.952554,
"ITA","BOP","TOT","PC_GDP","A","1998",2.052279,
"ITA","BOP","TOT","PC_GDP","A","1999",0.8076683,
"ITA","BOP","TOT","PC_GDP","A","2000",-0.2680717,
"ITA","BOP","TOT","PC_GDP","A","2001",0.1534258,
"ITA","BOP","TOT","PC_GDP","A","2002",-0.4930464,
"ITA","BOP","TOT","PC_GDP","A","2003",-0.7919156,
"ITA","BOP","TOT","PC_GDP","A","2004",-0.4789964,
"ITA","BOP","TOT","PC_GDP","A","2005",-0.8826483,
"ITA","BOP","TOT","PC_GDP","A","2006",-1.478652,
"ITA","BOP","TOT","PC_GDP","A","2007",-1.362158,
"ITA","BOP","TOT","PC_GDP","A","2008",-2.808239,
"ITA","BOP","TOT","PC_GDP","A","2009",-1.886068,
"ITA","BOP","TOT","PC_GDP","A","2010",-3.293371,
"ITA","BOP","TOT","PC_GDP","A","2011",-2.82347,
"ITA","BOP","TOT","PC_GDP","A","2012",-0.2285923,
"ITA","BOP","TOT","PC_GDP","A","2013",1.112904,
"ITA","BOP","TOT","PC_GDP","A","2014",1.894394,
"ITA","BOP","TOT","PC_GDP","A","2015",1.434964,
"ITA","BOP","TOT","PC_GDP","A","2016",2.603017,
"ITA","BOP","TOT","PC_GDP","A","2017",2.582632,
"ITA","BOP","TOT","PC_GDP","A","2018",2.527622,
"ITA","BOP","TOT","PC_GDP","A","2019",3.226972,
"ITA","BOP","TOT","PC_GDP","A","2020",3.687537,
"JPN","BOP","TOT","PC_GDP","A","1996",1.402698,
"JPN","BOP","TOT","PC_GDP","A","1997",2.108405,
"JPN","BOP","TOT","PC_GDP","A","1998",2.806032,
"JPN","BOP","TOT","PC_GDP","A","1999",2.468803,
"JPN","BOP","TOT","PC_GDP","A","2000",2.631217,
"JPN","BOP","TOT","PC_GDP","A","2001",1.990984,
"JPN","BOP","TOT","PC_GDP","A","2002",2.595489,
"JPN","BOP","TOT","PC_GDP","A","2003",3.065407,
"JPN","BOP","TOT","PC_GDP","A","2004",3.724567,
"JPN","BOP","TOT","PC_GDP","A","2005",3.517385,
"JPN","BOP","TOT","PC_GDP","A","2006",3.842367,
"JPN","BOP","TOT","PC_GDP","A","2007",4.656128,
"JPN","BOP","TOT","PC_GDP","A","2008",2.786063,
"JPN","BOP","TOT","PC_GDP","A","2009",2.750367,
"JPN","BOP","TOT","PC_GDP","A","2010",3.828432,
"JPN","BOP","TOT","PC_GDP","A","2011",2.055426,
"JPN","BOP","TOT","PC_GDP","A","2012",1.016894,
"JPN","BOP","TOT","PC_GDP","A","2013",0.8925871,
"JPN","BOP","TOT","PC_GDP","A","2014",0.7780791,
"JPN","BOP","TOT","PC_GDP","A","2015",3.066427,
"JPN","BOP","TOT","PC_GDP","A","2016",3.836631,
"JPN","BOP","TOT","PC_GDP","A","2017",4.172318,
"JPN","BOP","TOT","PC_GDP","A","2018",3.524866,
"JPN","BOP","TOT","PC_GDP","A","2019",3.367918,
"JPN","BOP","TOT","PC_GDP","A","2020",2.876612,
"KOR","BOP","TOT","PC_GDP","A","1980",-10.56278,
"KOR","BOP","TOT","PC_GDP","A","1981",-8.926843,
"KOR","BOP","TOT","PC_GDP","A","1982",-7.150218,
"KOR","BOP","TOT","PC_GDP","A","1983",-4.117049,
"KOR","BOP","TOT","PC_GDP","A","1984",-1.901669,
"KOR","BOP","TOT","PC_GDP","A","1985",-2.156878,
"KOR","BOP","TOT","PC_GDP","A","1986",2.126285,
"KOR","BOP","TOT","PC_GDP","A","1987",5.921822,
"KOR","BOP","TOT","PC_GDP","A","1988",6.418173,
"KOR","BOP","TOT","PC_GDP","A","1989",1.593451,
"KOR","BOP","TOT","PC_GDP","A","1990",-0.9470911,
"KOR","BOP","TOT","PC_GDP","A","1991",-2.446805,
"KOR","BOP","TOT","PC_GDP","A","1992",-0.8166769,
"KOR","BOP","TOT","PC_GDP","A","1993",0.4207551,
"KOR","BOP","TOT","PC_GDP","A","1994",-1.011637,
"KOR","BOP","TOT","PC_GDP","A","1995",-1.805918,
"KOR","BOP","TOT","PC_GDP","A","1996",-4.004203,
"KOR","BOP","TOT","PC_GDP","A","1997",-1.809158,
"KOR","BOP","TOT","PC_GDP","A","1998",10.61172,
"KOR","BOP","TOT","PC_GDP","A","1999",4.416002,
"KOR","BOP","TOT","PC_GDP","A","2000",1.757271,
"KOR","BOP","TOT","PC_GDP","A","2001",0.4083108,
"KOR","BOP","TOT","PC_GDP","A","2002",0.6696286,
"KOR","BOP","TOT","PC_GDP","A","2003",1.560393,
"KOR","BOP","TOT","PC_GDP","A","2004",3.709552,
"KOR","BOP","TOT","PC_GDP","A","2005",1.316457,
"KOR","BOP","TOT","PC_GDP","A","2006",0.1809959,
"KOR","BOP","TOT","PC_GDP","A","2007",0.8958621,
"KOR","BOP","TOT","PC_GDP","A","2008",0.4283728,
"KOR","BOP","TOT","PC_GDP","A","2009",3.647547,
"KOR","BOP","TOT","PC_GDP","A","2010",2.461951,
"KOR","BOP","TOT","PC_GDP","A","2011",1.315693,
"KOR","BOP","TOT","PC_GDP","A","2012",3.772241,
"KOR","BOP","TOT","PC_GDP","A","2013",5.638096,
"KOR","BOP","TOT","PC_GDP","A","2014",5.5923,
"KOR","BOP","TOT","PC_GDP","A","2015",7.16952,
"KOR","BOP","TOT","PC_GDP","A","2016",6.564014,
"KOR","BOP","TOT","PC_GDP","A","2017",4.635128,
"KOR","BOP","TOT","PC_GDP","A","2018",4.488837,
"KOR","BOP","TOT","PC_GDP","A","2019",3.614392,
"KOR","BOP","TOT","PC_GDP","A","2020",4.501241,"P"
"LUX","BOP","TOT","PC_GDP","A","1995",11.39595,
"LUX","BOP","TOT","PC_GDP","A","1996",10.64641,
"LUX","BOP","TOT","PC_GDP","A","1997",9.902598,
"LUX","BOP","TOT","PC_GDP","A","1998",9.006743,
"LUX","BOP","TOT","PC_GDP","A","1999",7.966866,
"LUX","BOP","TOT","PC_GDP","A","2000",12.62779,
"LUX","BOP","TOT","PC_GDP","A","2001",8.273993,
"LUX","BOP","TOT","PC_GDP","A","2002",7.589819,
"LUX","BOP","TOT","PC_GDP","A","2003",7.012705,
"LUX","BOP","TOT","PC_GDP","A","2004",7.094076,
"LUX","BOP","TOT","PC_GDP","A","2005",6.92983,
"LUX","BOP","TOT","PC_GDP","A","2006",6.686015,
"LUX","BOP","TOT","PC_GDP","A","2007",6.499344,
"LUX","BOP","TOT","PC_GDP","A","2008",6.237291,
"LUX","BOP","TOT","PC_GDP","A","2009",5.588944,
"LUX","BOP","TOT","PC_GDP","A","2010",5.756744,
"LUX","BOP","TOT","PC_GDP","A","2011",5.644327,
"LUX","BOP","TOT","PC_GDP","A","2012",5.283942,
"LUX","BOP","TOT","PC_GDP","A","2013",4.659793,
"LUX","BOP","TOT","PC_GDP","A","2014",4.642471,
"LUX","BOP","TOT","PC_GDP","A","2015",4.846982,
"LUX","BOP","TOT","PC_GDP","A","2016",4.667841,
"LUX","BOP","TOT","PC_GDP","A","2017",4.739897,
"LUX","BOP","TOT","PC_GDP","A","2018",4.613432,
"LUX","BOP","TOT","PC_GDP","A","2019",4.680629,
"LUX","BOP","TOT","PC_GDP","A","2020",4.301182,
"MEX","BOP","TOT","PC_GDP","A","2006",-0.3642226,
"MEX","BOP","TOT","PC_GDP","A","2007",-0.9402713,
"MEX","BOP","TOT","PC_GDP","A","2008",-1.517533,
"MEX","BOP","TOT","PC_GDP","A","2009",-0.8612658,
"MEX","BOP","TOT","PC_GDP","A","2010",-0.4564586,
"MEX","BOP","TOT","PC_GDP","A","2011",-1.00825,
"MEX","BOP","TOT","PC_GDP","A","2012",-1.54965,
"MEX","BOP","TOT","PC_GDP","A","2013",-2.472816,
"MEX","BOP","TOT","PC_GDP","A","2014",-1.93572,
"MEX","BOP","TOT","PC_GDP","A","2015",-2.65652,
"MEX","BOP","TOT","PC_GDP","A","2016",-2.257796,
"MEX","BOP","TOT","PC_GDP","A","2017",-1.756737,"P"
"MEX","BOP","TOT","PC_GDP","A","2018",-2.046292,"P"
"MEX","BOP","TOT","PC_GDP","A","2019",-0.3099968,"P"
"MEX","BOP","TOT","PC_GDP","A","2020",2.422841,"P"
"NLD","BOP","TOT","PC_GDP","A","2004",7.59786,
"NLD","BOP","TOT","PC_GDP","A","2005",7.052816,
"NLD","BOP","TOT","PC_GDP","A","2006",9.083015,
"NLD","BOP","TOT","PC_GDP","A","2007",6.874923,
"NLD","BOP","TOT","PC_GDP","A","2008",4.973432,
"NLD","BOP","TOT","PC_GDP","A","2009",5.419089,
"NLD","BOP","TOT","PC_GDP","A","2010",6.966425,
"NLD","BOP","TOT","PC_GDP","A","2011",8.599401,
"NLD","BOP","TOT","PC_GDP","A","2012",10.21873,
"NLD","BOP","TOT","PC_GDP","A","2013",9.760022,
"NLD","BOP","TOT","PC_GDP","A","2014",8.490262,
"NLD","BOP","TOT","PC_GDP","A","2015",6.322271,
"NLD","BOP","TOT","PC_GDP","A","2016",8.0553,
"NLD","BOP","TOT","PC_GDP","A","2017",10.82477,
"NLD","BOP","TOT","PC_GDP","A","2018",10.83521,
"NLD","BOP","TOT","PC_GDP","A","2019",9.35675,"P"
"NLD","BOP","TOT","PC_GDP","A","2020",6.956312,"P"
"NZL","BOP","TOT","PC_GDP","A","1988",-0.252569,
"NZL","BOP","TOT","PC_GDP","A","1989",-2.945288,
"NZL","BOP","TOT","PC_GDP","A","1990",-2.792232,
"NZL","BOP","TOT","PC_GDP","A","1991",-2.363262,
"NZL","BOP","TOT","PC_GDP","A","1992",-3.647794,
"NZL","BOP","TOT","PC_GDP","A","1993",-3.335063,
"NZL","BOP","TOT","PC_GDP","A","1994",-3.091789,
"NZL","BOP","TOT","PC_GDP","A","1995",-3.907304,
"NZL","BOP","TOT","PC_GDP","A","1996",-4.746171,
"NZL","BOP","TOT","PC_GDP","A","1997",-5.187081,
"NZL","BOP","TOT","PC_GDP","A","1998",-2.65771,
"NZL","BOP","TOT","PC_GDP","A","1999",-4.891104,
"NZL","BOP","TOT","PC_GDP","A","2000",-3.241636,
"NZL","BOP","TOT","PC_GDP","A","2001",-0.8124287,
"NZL","BOP","TOT","PC_GDP","A","2002",-2.173669,
"NZL","BOP","TOT","PC_GDP","A","2003",-2.441607,
"NZL","BOP","TOT","PC_GDP","A","2004",-4.566019,
"NZL","BOP","TOT","PC_GDP","A","2005",-7.076657,
"NZL","BOP","TOT","PC_GDP","A","2006",-7.141462,
"NZL","BOP","TOT","PC_GDP","A","2007",-6.798146,
"NZL","BOP","TOT","PC_GDP","A","2008",-7.684348,
"NZL","BOP","TOT","PC_GDP","A","2009",-2.266547,
"NZL","BOP","TOT","PC_GDP","A","2010",-2.242796,
"NZL","BOP","TOT","PC_GDP","A","2011",-2.80442,
"NZL","BOP","TOT","PC_GDP","A","2012",-3.926182,
"NZL","BOP","TOT","PC_GDP","A","2013",-3.085846,
"NZL","BOP","TOT","PC_GDP","A","2014",-3.116762,
"NZL","BOP","TOT","PC_GDP","A","2015",-2.71862,
"NZL","BOP","TOT","PC_GDP","A","2016",-2.114996,
"NZL","BOP","TOT","PC_GDP","A","2017",-2.788414,
"NZL","BOP","TOT","PC_GDP","A","2018",-3.928938,
"NZL","BOP","TOT","PC_GDP","A","2019",-2.906328,
"NZL","BOP","TOT","PC_GDP","A","2020",-1.116982,
"NOR","BOP","TOT","PC_GDP","A","1981",3.412481,
"NOR","BOP","TOT","PC_GDP","A","1982",0.841897,
"NOR","BOP","TOT","PC_GDP","A","1983",3.967477,
"NOR","BOP","TOT","PC_GDP","A","1984",5.282871,
"NOR","BOP","TOT","PC_GDP","A","1985",4.640809,
"NOR","BOP","TOT","PC_GDP","A","1986",-5.959826,
"NOR","BOP","TOT","PC_GDP","A","1987",-4.619335,
"NOR","BOP","TOT","PC_GDP","A","1988",-3.946338,
"NOR","BOP","TOT","PC_GDP","A","1989",-0.09144341,
"NOR","BOP","TOT","PC_GDP","A","1990",2.456595,
"NOR","BOP","TOT","PC_GDP","A","1991",3.595802,
"NOR","BOP","TOT","PC_GDP","A","1992",3.416337,
"NOR","BOP","TOT","PC_GDP","A","1993",2.920856,
"NOR","BOP","TOT","PC_GDP","A","1994",2.938669,
"NOR","BOP","TOT","PC_GDP","A","1995",3.497834,
"NOR","BOP","TOT","PC_GDP","A","1996",6.729428,
"NOR","BOP","TOT","PC_GDP","A","1997",6.158726,
"NOR","BOP","TOT","PC_GDP","A","1998",-0.3086372,
"NOR","BOP","TOT","PC_GDP","A","1999",5.494082,
"NOR","BOP","TOT","PC_GDP","A","2000",14.75362,
"NOR","BOP","TOT","PC_GDP","A","2001",15.82339,
"NOR","BOP","TOT","PC_GDP","A","2002",12.32061,
"NOR","BOP","TOT","PC_GDP","A","2003",12.04784,
"NOR","BOP","TOT","PC_GDP","A","2004",12.37277,
"NOR","BOP","TOT","PC_GDP","A","2005",16.4581,
"NOR","BOP","TOT","PC_GDP","A","2006",16.32953,
"NOR","BOP","TOT","PC_GDP","A","2007",12.41823,
"NOR","BOP","TOT","PC_GDP","A","2008",15.82024,
"NOR","BOP","TOT","PC_GDP","A","2009",10.76043,
"NOR","BOP","TOT","PC_GDP","A","2010",11.02922,
"NOR","BOP","TOT","PC_GDP","A","2011",12.52029,
"NOR","BOP","TOT","PC_GDP","A","2012",12.4353,
"NOR","BOP","TOT","PC_GDP","A","2013",10.23071,
"NOR","BOP","TOT","PC_GDP","A","2014",11.0167,
"NOR","BOP","TOT","PC_GDP","A","2015",7.997864,
"NOR","BOP","TOT","PC_GDP","A","2016",4.02066,
"NOR","BOP","TOT","PC_GDP","A","2017",5.475723,
"NOR","BOP","TOT","PC_GDP","A","2018",7.95301,
"NOR","BOP","TOT","PC_GDP","A","2019",2.847396,
"NOR","BOP","TOT","PC_GDP","A","2020",1.96839,
"POL","BOP","TOT","PC_GDP","A","2004",-5.807769,
"POL","BOP","TOT","PC_GDP","A","2005",-2.887646,
"POL","BOP","TOT","PC_GDP","A","2006",-4.287486,
"POL","BOP","TOT","PC_GDP","A","2007",-6.63945,
"POL","BOP","TOT","PC_GDP","A","2008",-6.951652,
"POL","BOP","TOT","PC_GDP","A","2009",-4.119354,
"POL","BOP","TOT","PC_GDP","A","2010",-5.534226,
"POL","BOP","TOT","PC_GDP","A","2011",-5.39823,
"POL","BOP","TOT","PC_GDP","A","2012",-4.048834,
"POL","BOP","TOT","PC_GDP","A","2013",-1.798935,
"POL","BOP","TOT","PC_GDP","A","2014",-2.599077,
"POL","BOP","TOT","PC_GDP","A","2015",-0.9215261,
"POL","BOP","TOT","PC_GDP","A","2016",-0.7917871,
"POL","BOP","TOT","PC_GDP","A","2017",-0.3387972,
"POL","BOP","TOT","PC_GDP","A","2018",-1.31555,
"POL","BOP","TOT","PC_GDP","A","2019",0.4614008,
"POL","BOP","TOT","PC_GDP","A","2020",2.968443,
"PRT","BOP","TOT","PC_GDP","A","1996",-4.511715,
"PRT","BOP","TOT","PC_GDP","A","1997",-6.169538,
"PRT","BOP","TOT","PC_GDP","A","1998",-7.548512,
"PRT","BOP","TOT","PC_GDP","A","1999",-8.85016,
"PRT","BOP","TOT","PC_GDP","A","2000",-10.80546,
"PRT","BOP","TOT","PC_GDP","A","2001",-10.45539,
"PRT","BOP","TOT","PC_GDP","A","2002",-8.385035,
"PRT","BOP","TOT","PC_GDP","A","2003",-6.62362,
"PRT","BOP","TOT","PC_GDP","A","2004",-7.94642,
"PRT","BOP","TOT","PC_GDP","A","2005",-9.584884,
"PRT","BOP","TOT","PC_GDP","A","2006",-10.27374,
"PRT","BOP","TOT","PC_GDP","A","2007",-9.607572,
"PRT","BOP","TOT","PC_GDP","A","2008",-11.83236,
"PRT","BOP","TOT","PC_GDP","A","2009",-10.29318,
"PRT","BOP","TOT","PC_GDP","A","2010",-10.25822,
"PRT","BOP","TOT","PC_GDP","A","2011",-5.955789,
"PRT","BOP","TOT","PC_GDP","A","2012",-1.599018,
"PRT","BOP","TOT","PC_GDP","A","2013",1.632948,
"PRT","BOP","TOT","PC_GDP","A","2014",0.158914,
"PRT","BOP","TOT","PC_GDP","A","2015",0.2277099,
"PRT","BOP","TOT","PC_GDP","A","2016",1.169183,
"PRT","BOP","TOT","PC_GDP","A","2017",1.295373,
"PRT","BOP","TOT","PC_GDP","A","2018",0.5644559,
"PRT","BOP","TOT","PC_GDP","A","2019",0.4377274,
"PRT","BOP","TOT","PC_GDP","A","2020",-1.132722,"P"
"SVK","BOP","TOT","PC_GDP","A","2004",-7.639336,
"SVK","BOP","TOT","PC_GDP","A","2005",-8.233045,
"SVK","BOP","TOT","PC_GDP","A","2006",-7.706,
"SVK","BOP","TOT","PC_GDP","A","2007",-5.204293,
"SVK","BOP","TOT","PC_GDP","A","2008",-6.221072,
"SVK","BOP","TOT","PC_GDP","A","2009",-3.495241,
"SVK","BOP","TOT","PC_GDP","A","2010",-4.640159,
"SVK","BOP","TOT","PC_GDP","A","2011",-4.907137,
"SVK","BOP","TOT","PC_GDP","A","2012",0.9263321,
"SVK","BOP","TOT","PC_GDP","A","2013",1.863632,
"SVK","BOP","TOT","PC_GDP","A","2014",1.143072,
"SVK","BOP","TOT","PC_GDP","A","2015",-2.095481,
"SVK","BOP","TOT","PC_GDP","A","2016",-2.741711,
"SVK","BOP","TOT","PC_GDP","A","2017",-1.932519,
"SVK","BOP","TOT","PC_GDP","A","2018",-2.196253,
"SVK","BOP","TOT","PC_GDP","A","2019",-3.362586,
"SVK","BOP","TOT","PC_GDP","A","2020",0.09211949,
"ESP","BOP","TOT","PC_GDP","A","1995",-1.253328,
"ESP","BOP","TOT","PC_GDP","A","1996",-0.860357,
"ESP","BOP","TOT","PC_GDP","A","1997",-0.7259548,
"ESP","BOP","TOT","PC_GDP","A","1998",-1.673447,
"ESP","BOP","TOT","PC_GDP","A","1999",-3.23026,
"ESP","BOP","TOT","PC_GDP","A","2000",-4.307455,
"ESP","BOP","TOT","PC_GDP","A","2001",-4.378305,
"ESP","BOP","TOT","PC_GDP","A","2002",-3.728236,
"ESP","BOP","TOT","PC_GDP","A","2003",-3.879564,
"ESP","BOP","TOT","PC_GDP","A","2004",-5.472443,
"ESP","BOP","TOT","PC_GDP","A","2005",-7.250839,
"ESP","BOP","TOT","PC_GDP","A","2006",-8.84357,
"ESP","BOP","TOT","PC_GDP","A","2007",-9.423371,
"ESP","BOP","TOT","PC_GDP","A","2008",-8.899205,
"ESP","BOP","TOT","PC_GDP","A","2009",-4.086993,
"ESP","BOP","TOT","PC_GDP","A","2010",-3.656372,
"ESP","BOP","TOT","PC_GDP","A","2011",-2.723428,
"ESP","BOP","TOT","PC_GDP","A","2012",0.09920062,
"ESP","BOP","TOT","PC_GDP","A","2013",2.0382,
"ESP","BOP","TOT","PC_GDP","A","2014",1.695851,
"ESP","BOP","TOT","PC_GDP","A","2015",2.026898,
"ESP","BOP","TOT","PC_GDP","A","2016",3.173829,
"ESP","BOP","TOT","PC_GDP","A","2017",2.773007,
"ESP","BOP","TOT","PC_GDP","A","2018",1.882451,
"ESP","BOP","TOT","PC_GDP","A","2019",2.106144,"P"
"ESP","BOP","TOT","PC_GDP","A","2020",0.8003975,"P"
"SWE","BOP","TOT","PC_GDP","A","1993",-1.235046,
"SWE","BOP","TOT","PC_GDP","A","1994",1.027014,
"SWE","BOP","TOT","PC_GDP","A","1995",3.149168,
"SWE","BOP","TOT","PC_GDP","A","1996",3.300049,
"SWE","BOP","TOT","PC_GDP","A","1997",3.842308,
"SWE","BOP","TOT","PC_GDP","A","1998",3.576545,
"SWE","BOP","TOT","PC_GDP","A","1999",3.885262,
"SWE","BOP","TOT","PC_GDP","A","2000",3.909239,
"SWE","BOP","TOT","PC_GDP","A","2001",4.678811,
"SWE","BOP","TOT","PC_GDP","A","2002",4.437115,
"SWE","BOP","TOT","PC_GDP","A","2003",5.816231,
"SWE","BOP","TOT","PC_GDP","A","2004",5.959508,
"SWE","BOP","TOT","PC_GDP","A","2005",6.007151,
"SWE","BOP","TOT","PC_GDP","A","2006",8.134921,
"SWE","BOP","TOT","PC_GDP","A","2007",8.100509,
"SWE","BOP","TOT","PC_GDP","A","2008",7.791843,
"SWE","BOP","TOT","PC_GDP","A","2009",5.936205,
"SWE","BOP","TOT","PC_GDP","A","2010",5.874262,
"SWE","BOP","TOT","PC_GDP","A","2011",5.467038,
"SWE","BOP","TOT","PC_GDP","A","2012",5.494122,
"SWE","BOP","TOT","PC_GDP","A","2013",5.22783,
"SWE","BOP","TOT","PC_GDP","A","2014",4.212662,
"SWE","BOP","TOT","PC_GDP","A","2015",3.320173,
"SWE","BOP","TOT","PC_GDP","A","2016",2.391189,
"SWE","BOP","TOT","PC_GDP","A","2017",2.948131,
"SWE","BOP","TOT","PC_GDP","A","2018",2.631383,
"SWE","BOP","TOT","PC_GDP","A","2019",5.457372,
"SWE","BOP","TOT","PC_GDP","A","2020",5.682064,
"CHE","BOP","TOT","PC_GDP","A","2000",10.62166,
"CHE","BOP","TOT","PC_GDP","A","2001",6.800309,
"CHE","BOP","TOT","PC_GDP","A","2002",6.941803,
"CHE","BOP","TOT","PC_GDP","A","2003",11.0076,
"CHE","BOP","TOT","PC_GDP","A","2004",12.84452,
"CHE","BOP","TOT","PC_GDP","A","2005",11.64296,
"CHE","BOP","TOT","PC_GDP","A","2006",12.74712,
"CHE","BOP","TOT","PC_GDP","A","2007",8.671602,
"CHE","BOP","TOT","PC_GDP","A","2008",1.532379,
"CHE","BOP","TOT","PC_GDP","A","2009",6.078837,
"CHE","BOP","TOT","PC_GDP","A","2010",13.50751,
"CHE","BOP","TOT","PC_GDP","A","2011",6.807109,
"CHE","BOP","TOT","PC_GDP","A","2012",9.443762,
"CHE","BOP","TOT","PC_GDP","A","2013",10.14462,
"CHE","BOP","TOT","PC_GDP","A","2014",7.514829,
"CHE","BOP","TOT","PC_GDP","A","2015",9.442561,
"CHE","BOP","TOT","PC_GDP","A","2016",7.85161,
"CHE","BOP","TOT","PC_GDP","A","2017",5.936518,
"CHE","BOP","TOT","PC_GDP","A","2018",5.351341,
"CHE","BOP","TOT","PC_GDP","A","2019",4.942985,
"CHE","BOP","TOT","PC_GDP","A","2020",1.200416,
"TUR","BOP","TOT","PC_GDP","A","1998",0.7205957,
"TUR","BOP","TOT","PC_GDP","A","1999",-0.3809945,
"TUR","BOP","TOT","PC_GDP","A","2000",-3.610319,
"TUR","BOP","TOT","PC_GDP","A","2001",1.921202,
"TUR","BOP","TOT","PC_GDP","A","2002",-0.2517236,
"TUR","BOP","TOT","PC_GDP","A","2003",-2.417094,
"TUR","BOP","TOT","PC_GDP","A","2004",-3.465013,
"TUR","BOP","TOT","PC_GDP","A","2005",-4.120203,
"TUR","BOP","TOT","PC_GDP","A","2006",-5.60978,
"TUR","BOP","TOT","PC_GDP","A","2007",-5.34076,
"TUR","BOP","TOT","PC_GDP","A","2008",-4.971706,
"TUR","BOP","TOT","PC_GDP","A","2009",-1.642506,
"TUR","BOP","TOT","PC_GDP","A","2010",-5.627254,
"TUR","BOP","TOT","PC_GDP","A","2011",-8.821465,
"TUR","BOP","TOT","PC_GDP","A","2012",-5.470581,
"TUR","BOP","TOT","PC_GDP","A","2013",-5.826753,
"TUR","BOP","TOT","PC_GDP","A","2014",-4.136221,
"TUR","BOP","TOT","PC_GDP","A","2015",-3.154593,
"TUR","BOP","TOT","PC_GDP","A","2016",-3.10678,
"TUR","BOP","TOT","PC_GDP","A","2017",-4.684776,
"TUR","BOP","TOT","PC_GDP","A","2018",-2.382415,
"TUR","BOP","TOT","PC_GDP","A","2019",0.9365609,
"TUR","BOP","TOT","PC_GDP","A","2020",-5.206213,
"GBR","BOP","TOT","PC_GDP","A","1970",1.304891,
"GBR","BOP","TOT","PC_GDP","A","1971",1.627918,
"GBR","BOP","TOT","PC_GDP","A","1972",0.04255198,
"GBR","BOP","TOT","PC_GDP","A","1973",-1.502075,
"GBR","BOP","TOT","PC_GDP","A","1974",-3.764022,
"GBR","BOP","TOT","PC_GDP","A","1975",-1.629603,
"GBR","BOP","TOT","PC_GDP","A","1976",-0.8611111,
"GBR","BOP","TOT","PC_GDP","A","1977",-0.3272235,
"GBR","BOP","TOT","PC_GDP","A","1978",0.3024155,
"GBR","BOP","TOT","PC_GDP","A","1979",-0.5866193,
"GBR","BOP","TOT","PC_GDP","A","1980",0.5410426,
"GBR","BOP","TOT","PC_GDP","A","1981",1.530797,
"GBR","BOP","TOT","PC_GDP","A","1982",0.5586224,
"GBR","BOP","TOT","PC_GDP","A","1983",0.2192051,
"GBR","BOP","TOT","PC_GDP","A","1984",-0.4915392,
"GBR","BOP","TOT","PC_GDP","A","1985",-0.2812916,
"GBR","BOP","TOT","PC_GDP","A","1986",-0.9564008,
"GBR","BOP","TOT","PC_GDP","A","1987",-1.587785,
"GBR","BOP","TOT","PC_GDP","A","1988",-3.540595,
"GBR","BOP","TOT","PC_GDP","A","1989",-4.073318,
"GBR","BOP","TOT","PC_GDP","A","1990",-3.086107,
"GBR","BOP","TOT","PC_GDP","A","1991",-1.316175,
"GBR","BOP","TOT","PC_GDP","A","1992",-1.517694,
"GBR","BOP","TOT","PC_GDP","A","1993",-1.317969,
"GBR","BOP","TOT","PC_GDP","A","1994",-0.4822176,
"GBR","BOP","TOT","PC_GDP","A","1995",-0.6680512,
"GBR","BOP","TOT","PC_GDP","A","1996",-0.5699134,
"GBR","BOP","TOT","PC_GDP","A","1997",-0.2039713,
"GBR","BOP","TOT","PC_GDP","A","1998",-0.4194054,
"GBR","BOP","TOT","PC_GDP","A","1999",-2.51322,
"GBR","BOP","TOT","PC_GDP","A","2000",-2.186527,
"GBR","BOP","TOT","PC_GDP","A","2001",-1.96975,
"GBR","BOP","TOT","PC_GDP","A","2002",-2.106212,
"GBR","BOP","TOT","PC_GDP","A","2003",-1.793694,
"GBR","BOP","TOT","PC_GDP","A","2004",-2.321675,
"GBR","BOP","TOT","PC_GDP","A","2005",-1.91447,
"GBR","BOP","TOT","PC_GDP","A","2006",-2.809466,
"GBR","BOP","TOT","PC_GDP","A","2007",-3.391885,
"GBR","BOP","TOT","PC_GDP","A","2008",-3.867829,
"GBR","BOP","TOT","PC_GDP","A","2009",-3.227754,
"GBR","BOP","TOT","PC_GDP","A","2010",-3.070286,
"GBR","BOP","TOT","PC_GDP","A","2011",-1.904812,
"GBR","BOP","TOT","PC_GDP","A","2012",-3.477144,
"GBR","BOP","TOT","PC_GDP","A","2013",-4.76975,
"GBR","BOP","TOT","PC_GDP","A","2014",-5.111232,
"GBR","BOP","TOT","PC_GDP","A","2015",-5.165067,
"GBR","BOP","TOT","PC_GDP","A","2016",-5.32634,
"GBR","BOP","TOT","PC_GDP","A","2017",-3.631321,
"GBR","BOP","TOT","PC_GDP","A","2018",-3.877611,
"GBR","BOP","TOT","PC_GDP","A","2019",-2.667736,
"GBR","BOP","TOT","PC_GDP","A","2020",-2.59212,
"USA","BOP","TOT","PC_GDP","A","1970",0.2169922,
"USA","BOP","TOT","PC_GDP","A","1971",-0.1231919,
"USA","BOP","TOT","PC_GDP","A","1972",-0.453205,
"USA","BOP","TOT","PC_GDP","A","1973",0.5007802,
"USA","BOP","TOT","PC_GDP","A","1974",0.1267115,
"USA","BOP","TOT","PC_GDP","A","1975",1.075076,
"USA","BOP","TOT","PC_GDP","A","1976",0.229154,
"USA","BOP","TOT","PC_GDP","A","1977",-0.6886746,
"USA","BOP","TOT","PC_GDP","A","1978",-0.6439449,
"USA","BOP","TOT","PC_GDP","A","1979",-0.01103784,
"USA","BOP","TOT","PC_GDP","A","1980",0.0810553,
"USA","BOP","TOT","PC_GDP","A","1981",0.1568736,
"USA","BOP","TOT","PC_GDP","A","1982",-0.165471,
"USA","BOP","TOT","PC_GDP","A","1983",-1.064794,
"USA","BOP","TOT","PC_GDP","A","1984",-2.336578,
"USA","BOP","TOT","PC_GDP","A","1985",-2.723197,
"USA","BOP","TOT","PC_GDP","A","1986",-3.213708,
"USA","BOP","TOT","PC_GDP","A","1987",-3.309039,
"USA","BOP","TOT","PC_GDP","A","1988",-2.313767,
"USA","BOP","TOT","PC_GDP","A","1989",-1.763425,
"USA","BOP","TOT","PC_GDP","A","1990",-1.324217,
"USA","BOP","TOT","PC_GDP","A","1991",0.04701103,
"USA","BOP","TOT","PC_GDP","A","1992",-0.791586,
"USA","BOP","TOT","PC_GDP","A","1993",-1.236645,
"USA","BOP","TOT","PC_GDP","A","1994",-1.668836,
"USA","BOP","TOT","PC_GDP","A","1995",-1.48658,
"USA","BOP","TOT","PC_GDP","A","1996",-1.545536,
"USA","BOP","TOT","PC_GDP","A","1997",-1.640561,
"USA","BOP","TOT","PC_GDP","A","1998",-2.373059,
"USA","BOP","TOT","PC_GDP","A","1999",-2.975848,
"USA","BOP","TOT","PC_GDP","A","2000",-3.920777,
"USA","BOP","TOT","PC_GDP","A","2001",-3.724132,
"USA","BOP","TOT","PC_GDP","A","2002",-4.173314,
"USA","BOP","TOT","PC_GDP","A","2003",-4.558943,
"USA","BOP","TOT","PC_GDP","A","2004",-5.204885,
"USA","BOP","TOT","PC_GDP","A","2005",-5.745998,
"USA","BOP","TOT","PC_GDP","A","2006",-5.911057,
"USA","BOP","TOT","PC_GDP","A","2007",-5.088693,
"USA","BOP","TOT","PC_GDP","A","2008",-4.71584,
"USA","BOP","TOT","PC_GDP","A","2009",-2.622788,
"USA","BOP","TOT","PC_GDP","A","2010",-2.870695,
"USA","BOP","TOT","PC_GDP","A","2011",-2.918653,
"USA","BOP","TOT","PC_GDP","A","2012",-2.572387,
"USA","BOP","TOT","PC_GDP","A","2013",-2.015395,
"USA","BOP","TOT","PC_GDP","A","2014",-2.108111,
"USA","BOP","TOT","PC_GDP","A","2015",-2.245894,
"USA","BOP","TOT","PC_GDP","A","2016",-2.126599,
"USA","BOP","TOT","PC_GDP","A","2017",-1.856838,
"USA","BOP","TOT","PC_GDP","A","2018",-2.134903,
"USA","BOP","TOT","PC_GDP","A","2019",-2.20912,
"USA","BOP","TOT","PC_GDP","A","2020",-2.948705,
"BRA","BOP","TOT","PC_GDP","A","1996",-2.786255,
"BRA","BOP","TOT","PC_GDP","A","1997",-3.46728,
"BRA","BOP","TOT","PC_GDP","A","1998",-3.917312,
"BRA","BOP","TOT","PC_GDP","A","1999",-4.301227,
"BRA","BOP","TOT","PC_GDP","A","2000",-3.813334,
"BRA","BOP","TOT","PC_GDP","A","2001",-4.181802,
"BRA","BOP","TOT","PC_GDP","A","2002",-1.337731,
"BRA","BOP","TOT","PC_GDP","A","2003",0.6016892,
"BRA","BOP","TOT","PC_GDP","A","2004",1.648477,
"BRA","BOP","TOT","PC_GDP","A","2005",1.568846,
"BRA","BOP","TOT","PC_GDP","A","2006",1.190628,
"BRA","BOP","TOT","PC_GDP","A","2007",0.07774669,
"BRA","BOP","TOT","PC_GDP","A","2008",-1.759699,
"BRA","BOP","TOT","PC_GDP","A","2009",-1.500994,
"BRA","BOP","TOT","PC_GDP","A","2010",-3.617331,
"BRA","BOP","TOT","PC_GDP","A","2011",-2.922068,
"BRA","BOP","TOT","PC_GDP","A","2012",-3.426208,
"BRA","BOP","TOT","PC_GDP","A","2013",-3.228518,
"BRA","BOP","TOT","PC_GDP","A","2014",-4.143404,
"BRA","BOP","TOT","PC_GDP","A","2015",-2.898304,
"BRA","BOP","TOT","PC_GDP","A","2016",-1.350962,
"BRA","BOP","TOT","PC_GDP","A","2017",-1.066394,
"BRA","BOP","TOT","PC_GDP","A","2018",-2.714092,
"BRA","BOP","TOT","PC_GDP","A","2019",-3.46998,
"BRA","BOP","TOT","PC_GDP","A","2020",-1.665173,
"CHL","BOP","TOT","PC_GDP","A","2003",-0.2936949,
"CHL","BOP","TOT","PC_GDP","A","2004",2.843872,
"CHL","BOP","TOT","PC_GDP","A","2005",1.483695,
"CHL","BOP","TOT","PC_GDP","A","2006",4.525066,
"CHL","BOP","TOT","PC_GDP","A","2007",4.273845,
"CHL","BOP","TOT","PC_GDP","A","2008",-3.736609,
"CHL","BOP","TOT","PC_GDP","A","2009",1.861486,
"CHL","BOP","TOT","PC_GDP","A","2010",1.403502,
"CHL","BOP","TOT","PC_GDP","A","2011",-2.707608,
"CHL","BOP","TOT","PC_GDP","A","2012",-4.427297,
"CHL","BOP","TOT","PC_GDP","A","2013",-4.763783,
"CHL","BOP","TOT","PC_GDP","A","2014",-2.006604,
"CHL","BOP","TOT","PC_GDP","A","2015",-2.352008,
"CHL","BOP","TOT","PC_GDP","A","2016",-1.98492,
"CHL","BOP","TOT","PC_GDP","A","2017",-2.325698,
"CHL","BOP","TOT","PC_GDP","A","2018",-3.915584,
"CHL","BOP","TOT","PC_GDP","A","2019",-3.743801,
"CHL","BOP","TOT","PC_GDP","A","2020",1.330491,
"CHN","BOP","TOT","PC_GDP","A","1998",3.058268,
"CHN","BOP","TOT","PC_GDP","A","1999",1.929989,
"CHN","BOP","TOT","PC_GDP","A","2000",1.686708,
"CHN","BOP","TOT","PC_GDP","A","2001",1.299482,
"CHN","BOP","TOT","PC_GDP","A","2002",2.408745,
"CHN","BOP","TOT","PC_GDP","A","2003",2.593029,
"CHN","BOP","TOT","PC_GDP","A","2004",3.525766,
"CHN","BOP","TOT","PC_GDP","A","2005",5.79093,
"CHN","BOP","TOT","PC_GDP","A","2006",8.424166,
"CHN","BOP","TOT","PC_GDP","A","2007",9.947891,
"CHN","BOP","TOT","PC_GDP","A","2008",9.154067,
"CHN","BOP","TOT","PC_GDP","A","2009",4.768156,
"CHN","BOP","TOT","PC_GDP","A","2010",3.906734,
"CHN","BOP","TOT","PC_GDP","A","2011",1.802238,
"CHN","BOP","TOT","PC_GDP","A","2012",2.524462,
"CHN","BOP","TOT","PC_GDP","A","2013",1.548554,
"CHN","BOP","TOT","PC_GDP","A","2014",2.253294,
"CHN","BOP","TOT","PC_GDP","A","2015",2.649011,
"CHN","BOP","TOT","PC_GDP","A","2016",1.7033,
"CHN","BOP","TOT","PC_GDP","A","2017",1.532645,
"CHN","BOP","TOT","PC_GDP","A","2018",0.1736673,
"CHN","BOP","TOT","PC_GDP","A","2019",0.720659,
"CHN","BOP","TOT","PC_GDP","A","2020",1.860926,
"EST","BOP","TOT","PC_GDP","A","1995",-4.09699,
"EST","BOP","TOT","PC_GDP","A","1996",-8.307643,
"EST","BOP","TOT","PC_GDP","A","1997",-10.89822,
"EST","BOP","TOT","PC_GDP","A","1998",-8.477439,
"EST","BOP","TOT","PC_GDP","A","1999",-4.283731,
"EST","BOP","TOT","PC_GDP","A","2000",-5.312323,
"EST","BOP","TOT","PC_GDP","A","2001",-7.055169,
"EST","BOP","TOT","PC_GDP","A","2002",-11.06427,
"EST","BOP","TOT","PC_GDP","A","2003",-12.84351,
"EST","BOP","TOT","PC_GDP","A","2004",-11.97974,
"EST","BOP","TOT","PC_GDP","A","2005",-8.588831,
"EST","BOP","TOT","PC_GDP","A","2006",-14.86153,
"EST","BOP","TOT","PC_GDP","A","2007",-14.93444,
"EST","BOP","TOT","PC_GDP","A","2008",-8.612995,
"EST","BOP","TOT","PC_GDP","A","2009",2.567883,
"EST","BOP","TOT","PC_GDP","A","2010",1.778581,
"EST","BOP","TOT","PC_GDP","A","2011",1.275651,
"EST","BOP","TOT","PC_GDP","A","2012",-1.876507,
"EST","BOP","TOT","PC_GDP","A","2013",0.2981539,
"EST","BOP","TOT","PC_GDP","A","2014",0.6955227,
"EST","BOP","TOT","PC_GDP","A","2015",1.772115,
"EST","BOP","TOT","PC_GDP","A","2016",1.235217,
"EST","BOP","TOT","PC_GDP","A","2017",2.282415,
"EST","BOP","TOT","PC_GDP","A","2018",0.8251776,
"EST","BOP","TOT","PC_GDP","A","2019",2.532342,
"EST","BOP","TOT","PC_GDP","A","2020",-0.09539641,
"IND","BOP","TOT","PC_GDP","A","1997",-0.7286286,"E"
"IND","BOP","TOT","PC_GDP","A","1998",-1.639417,"E"
"IND","BOP","TOT","PC_GDP","A","1999",-0.7293235,"E"
"IND","BOP","TOT","PC_GDP","A","2000",-0.9656128,"E"
"IND","BOP","TOT","PC_GDP","A","2001",0.2925295,"E"
"IND","BOP","TOT","PC_GDP","A","2002",1.410462,"E"
"IND","BOP","TOT","PC_GDP","A","2003",1.500007,"E"
"IND","BOP","TOT","PC_GDP","A","2004",0.1032237,"E"
"IND","BOP","TOT","PC_GDP","A","2005",-1.307819,"E"
"IND","BOP","TOT","PC_GDP","A","2006",-1.064678,"E"
"IND","BOP","TOT","PC_GDP","A","2007",-0.6604533,"E"
"IND","BOP","TOT","PC_GDP","A","2008",-2.555411,"E"
"IND","BOP","TOT","PC_GDP","A","2009",-2.083256,"E"
"IND","BOP","TOT","PC_GDP","A","2010",-3.423922,"E"
"IND","BOP","TOT","PC_GDP","A","2011",-3.580604,"E"
"IND","BOP","TOT","PC_GDP","A","2012",-5.074923,
"IND","BOP","TOT","PC_GDP","A","2013",-2.544814,
"IND","BOP","TOT","PC_GDP","A","2014",-1.359909,
"IND","BOP","TOT","PC_GDP","A","2015",-1.086422,
"IND","BOP","TOT","PC_GDP","A","2016",-0.5446088,
"IND","BOP","TOT","PC_GDP","A","2017",-1.484995,
"IND","BOP","TOT","PC_GDP","A","2018",-2.415654,
"IND","BOP","TOT","PC_GDP","A","2019",-1.046259,
"IND","BOP","TOT","PC_GDP","A","2020",1.276903,
"IDN","BOP","TOT","PC_GDP","A","2004",0.5558146,"E"
"IDN","BOP","TOT","PC_GDP","A","2005",0.04597437,"E"
"IDN","BOP","TOT","PC_GDP","A","2006",2.72572,"E"
"IDN","BOP","TOT","PC_GDP","A","2007",2.219964,"E"
"IDN","BOP","TOT","PC_GDP","A","2008",0.01478648,
"IDN","BOP","TOT","PC_GDP","A","2009",1.83713,
"IDN","BOP","TOT","PC_GDP","A","2010",0.6783245,
"IDN","BOP","TOT","PC_GDP","A","2011",0.2004757,
"IDN","BOP","TOT","PC_GDP","A","2012",-2.661058,
"IDN","BOP","TOT","PC_GDP","A","2013",-3.165806,
"IDN","BOP","TOT","PC_GDP","A","2014",-3.083132,
"IDN","BOP","TOT","PC_GDP","A","2015",-2.033284,
"IDN","BOP","TOT","PC_GDP","A","2016",-1.833395,
"IDN","BOP","TOT","PC_GDP","A","2017",-1.590559,
"IDN","BOP","TOT","PC_GDP","A","2018",-2.945494,
"IDN","BOP","TOT","PC_GDP","A","2019",-2.705702,
"IDN","BOP","TOT","PC_GDP","A","2020",-0.4169875,
"ISR","BOP","TOT","PC_GDP","A","1995",-4.931304,
"ISR","BOP","TOT","PC_GDP","A","1996",-4.885028,
"ISR","BOP","TOT","PC_GDP","A","1997",-3.179032,
"ISR","BOP","TOT","PC_GDP","A","1998",-1.002963,
"ISR","BOP","TOT","PC_GDP","A","1999",-1.317033,
"ISR","BOP","TOT","PC_GDP","A","2000",-1.497386,
"ISR","BOP","TOT","PC_GDP","A","2001",-1.453447,
"ISR","BOP","TOT","PC_GDP","A","2002",-0.9109242,
"ISR","BOP","TOT","PC_GDP","A","2003",0.6068653,
"ISR","BOP","TOT","PC_GDP","A","2004",1.492054,
"ISR","BOP","TOT","PC_GDP","A","2005",3.045946,
"ISR","BOP","TOT","PC_GDP","A","2006",4.05954,
"ISR","BOP","TOT","PC_GDP","A","2007",3.196843,
"ISR","BOP","TOT","PC_GDP","A","2008",1.046331,
"ISR","BOP","TOT","PC_GDP","A","2009",3.228297,
"ISR","BOP","TOT","PC_GDP","A","2010",3.380508,
"ISR","BOP","TOT","PC_GDP","A","2011",1.484373,
"ISR","BOP","TOT","PC_GDP","A","2012",0.4368542,
"ISR","BOP","TOT","PC_GDP","A","2013",2.91082,
"ISR","BOP","TOT","PC_GDP","A","2014",4.064075,
"ISR","BOP","TOT","PC_GDP","A","2015",5.224034,
"ISR","BOP","TOT","PC_GDP","A","2016",3.508106,
"ISR","BOP","TOT","PC_GDP","A","2017",3.61658,
"ISR","BOP","TOT","PC_GDP","A","2018",2.840023,
"ISR","BOP","TOT","PC_GDP","A","2019",3.365236,
"ISR","BOP","TOT","PC_GDP","A","2020",5.435851,
"RUS","BOP","TOT","PC_GDP","A","2003",7.19978,"E"
"RUS","BOP","TOT","PC_GDP","A","2004",9.133624,"E"
"RUS","BOP","TOT","PC_GDP","A","2005",10.34739,"E"
"RUS","BOP","TOT","PC_GDP","A","2006",8.912315,"E"
"RUS","BOP","TOT","PC_GDP","A","2007",5.273507,"E"
"RUS","BOP","TOT","PC_GDP","A","2008",5.867475,"E"
"RUS","BOP","TOT","PC_GDP","A","2009",3.767956,"E"
"RUS","BOP","TOT","PC_GDP","A","2010",4.261251,"E"
"RUS","BOP","TOT","PC_GDP","A","2011",4.713787,
"RUS","BOP","TOT","PC_GDP","A","2012",3.22226,
"RUS","BOP","TOT","PC_GDP","A","2013",1.43925,
"RUS","BOP","TOT","PC_GDP","A","2014",2.700609,
"RUS","BOP","TOT","PC_GDP","A","2015",4.935253,
"RUS","BOP","TOT","PC_GDP","A","2016",1.909111,
"RUS","BOP","TOT","PC_GDP","A","2017",2.017791,
"RUS","BOP","TOT","PC_GDP","A","2018",6.858569,
"RUS","BOP","TOT","PC_GDP","A","2019",3.998286,
"RUS","BOP","TOT","PC_GDP","A","2020",2.387428,
"SVN","BOP","TOT","PC_GDP","A","1995",-0.6684871,
"SVN","BOP","TOT","PC_GDP","A","1996",0.05202524,
"SVN","BOP","TOT","PC_GDP","A","1997",0.0811959,
"SVN","BOP","TOT","PC_GDP","A","1998",-0.8961225,
"SVN","BOP","TOT","PC_GDP","A","1999",-4.064764,
"SVN","BOP","TOT","PC_GDP","A","2000",-3.272899,
"SVN","BOP","TOT","PC_GDP","A","2001",0.02401137,
"SVN","BOP","TOT","PC_GDP","A","2002",0.9119549,
"SVN","BOP","TOT","PC_GDP","A","2003",-0.8480789,
"SVN","BOP","TOT","PC_GDP","A","2004",-2.726923,
"SVN","BOP","TOT","PC_GDP","A","2005",-1.788311,
"SVN","BOP","TOT","PC_GDP","A","2006",-1.79788,
"SVN","BOP","TOT","PC_GDP","A","2007",-4.085976,
"SVN","BOP","TOT","PC_GDP","A","2008",-5.314806,
"SVN","BOP","TOT","PC_GDP","A","2009",-1.078103,
"SVN","BOP","TOT","PC_GDP","A","2010",-0.7717844,
"SVN","BOP","TOT","PC_GDP","A","2011",-0.8366316,
"SVN","BOP","TOT","PC_GDP","A","2012",1.312508,
"SVN","BOP","TOT","PC_GDP","A","2013",3.293375,
"SVN","BOP","TOT","PC_GDP","A","2014",5.09348,
"SVN","BOP","TOT","PC_GDP","A","2015",3.829214,
"SVN","BOP","TOT","PC_GDP","A","2016",4.790567,
"SVN","BOP","TOT","PC_GDP","A","2017",6.188321,
"SVN","BOP","TOT","PC_GDP","A","2018",5.928951,
"SVN","BOP","TOT","PC_GDP","A","2019",5.970974,
"SVN","BOP","TOT","PC_GDP","A","2020",7.387582,
"ZAF","BOP","TOT","PC_GDP","A","1970",-6.29596,
"ZAF","BOP","TOT","PC_GDP","A","1971",-6.579717,
"ZAF","BOP","TOT","PC_GDP","A","1972",-0.7887933,
"ZAF","BOP","TOT","PC_GDP","A","1973",-0.7387602,
"ZAF","BOP","TOT","PC_GDP","A","1974",-3.541941,
"ZAF","BOP","TOT","PC_GDP","A","1975",-5.669791,
"ZAF","BOP","TOT","PC_GDP","A","1976",-4.698828,
"ZAF","BOP","TOT","PC_GDP","A","1977",0.5291806,
"ZAF","BOP","TOT","PC_GDP","A","1978",2.115392,
"ZAF","BOP","TOT","PC_GDP","A","1979",4.632008,
"ZAF","BOP","TOT","PC_GDP","A","1980",3.562377,
"ZAF","BOP","TOT","PC_GDP","A","1981",-5.41206,
"ZAF","BOP","TOT","PC_GDP","A","1982",-3.924596,
"ZAF","BOP","TOT","PC_GDP","A","1983",-0.4155432,
"ZAF","BOP","TOT","PC_GDP","A","1984",-2.178488,
"ZAF","BOP","TOT","PC_GDP","A","1985",3.531742,
"ZAF","BOP","TOT","PC_GDP","A","1986",3.693763,
"ZAF","BOP","TOT","PC_GDP","A","1987",5.183882,
"ZAF","BOP","TOT","PC_GDP","A","1988",2.424747,
"ZAF","BOP","TOT","PC_GDP","A","1989",1.37466,
"ZAF","BOP","TOT","PC_GDP","A","1990",1.202332,
"ZAF","BOP","TOT","PC_GDP","A","1991",1.028497,
"ZAF","BOP","TOT","PC_GDP","A","1992",1.312238,
"ZAF","BOP","TOT","PC_GDP","A","1993",1.859792,
"ZAF","BOP","TOT","PC_GDP","A","1994",0.01014897,
"ZAF","BOP","TOT","PC_GDP","A","1995",-1.442611,
"ZAF","BOP","TOT","PC_GDP","A","1996",-1.008152,
"ZAF","BOP","TOT","PC_GDP","A","1997",-1.30861,
"ZAF","BOP","TOT","PC_GDP","A","1998",-1.546788,
"ZAF","BOP","TOT","PC_GDP","A","1999",-0.4477516,
"ZAF","BOP","TOT","PC_GDP","A","2000",-0.1132807,
"ZAF","BOP","TOT","PC_GDP","A","2001",0.2466373,
"ZAF","BOP","TOT","PC_GDP","A","2002",0.8109211,
"ZAF","BOP","TOT","PC_GDP","A","2003",-0.7427235,
"ZAF","BOP","TOT","PC_GDP","A","2004",-2.487526,
"ZAF","BOP","TOT","PC_GDP","A","2005",-2.814322,
"ZAF","BOP","TOT","PC_GDP","A","2006",-4.05227,
"ZAF","BOP","TOT","PC_GDP","A","2007",-4.84824,
"ZAF","BOP","TOT","PC_GDP","A","2008",-4.974699,
"ZAF","BOP","TOT","PC_GDP","A","2009",-2.439624,
"ZAF","BOP","TOT","PC_GDP","A","2010",-1.336034,
"ZAF","BOP","TOT","PC_GDP","A","2011",-2.006441,
"ZAF","BOP","TOT","PC_GDP","A","2012",-4.689427,
"ZAF","BOP","TOT","PC_GDP","A","2013",-5.326544,
"ZAF","BOP","TOT","PC_GDP","A","2014",-4.806299,
"ZAF","BOP","TOT","PC_GDP","A","2015",-4.339329,
"ZAF","BOP","TOT","PC_GDP","A","2016",-2.67576,
"ZAF","BOP","TOT","PC_GDP","A","2017",-2.367701,
"ZAF","BOP","TOT","PC_GDP","A","2018",-2.964382,
"ZAF","BOP","TOT","PC_GDP","A","2019",-2.578908,
"ZAF","BOP","TOT","PC_GDP","A","2020",1.988493,
"EA19","BOP","TOT","PC_GDP","A","1999",-0.541761,
"EA19","BOP","TOT","PC_GDP","A","2000",-1.484591,
"EA19","BOP","TOT","PC_GDP","A","2001",-0.389163,
"EA19","BOP","TOT","PC_GDP","A","2002",0.6155921,
"EA19","BOP","TOT","PC_GDP","A","2003",0.2444032,
"EA19","BOP","TOT","PC_GDP","A","2004",0.6714805,
"EA19","BOP","TOT","PC_GDP","A","2005",0.06396077,
"EA19","BOP","TOT","PC_GDP","A","2006",-0.1626263,
"EA19","BOP","TOT","PC_GDP","A","2007",0.04382968,
"EA19","BOP","TOT","PC_GDP","A","2008",-1.860626,
"EA19","BOP","TOT","PC_GDP","A","2009",-0.3219246,
"EA19","BOP","TOT","PC_GDP","A","2010",-0.3521293,
"EA19","BOP","TOT","PC_GDP","A","2011",-0.3624746,
"EA19","BOP","TOT","PC_GDP","A","2012",1.022441,
"EA19","BOP","TOT","PC_GDP","A","2013",2.109183,
"EA19","BOP","TOT","PC_GDP","A","2014",2.361182,
"EA19","BOP","TOT","PC_GDP","A","2015",2.702343,
"EA19","BOP","TOT","PC_GDP","A","2016",3.038813,
"EA19","BOP","TOT","PC_GDP","A","2017",3.16175,
"EA19","BOP","TOT","PC_GDP","A","2018",3.045792,
"EA19","BOP","TOT","PC_GDP","A","2019",2.406292,
"EA19","BOP","TOT","PC_GDP","A","2020",1.868948,
"COL","BOP","TOT","PC_GDP","A","2005",-1.333711,
"COL","BOP","TOT","PC_GDP","A","2006",-1.837929,
"COL","BOP","TOT","PC_GDP","A","2007",-3.018265,
"COL","BOP","TOT","PC_GDP","A","2008",-2.7313,
"COL","BOP","TOT","PC_GDP","A","2009",-1.874936,
"COL","BOP","TOT","PC_GDP","A","2010",-2.950977,
"COL","BOP","TOT","PC_GDP","A","2011",-2.897142,
"COL","BOP","TOT","PC_GDP","A","2012",-3.133792,
"COL","BOP","TOT","PC_GDP","A","2013",-3.236606,
"COL","BOP","TOT","PC_GDP","A","2014",-5.221814,
"COL","BOP","TOT","PC_GDP","A","2015",-6.314762,
"COL","BOP","TOT","PC_GDP","A","2016",-4.47472,
"COL","BOP","TOT","PC_GDP","A","2017",-3.248932,
"COL","BOP","TOT","PC_GDP","A","2018",-4.247472,
"COL","BOP","TOT","PC_GDP","A","2019",-4.634062,
"COL","BOP","TOT","PC_GDP","A","2020",-3.655266,
"LVA","BOP","TOT","PC_GDP","A","2000",-4.134824,
"LVA","BOP","TOT","PC_GDP","A","2001",-6.813039,
"LVA","BOP","TOT","PC_GDP","A","2002",-6.126307,
"LVA","BOP","TOT","PC_GDP","A","2003",-7.626575,
"LVA","BOP","TOT","PC_GDP","A","2004",-12.18378,
"LVA","BOP","TOT","PC_GDP","A","2005",-11.70376,
"LVA","BOP","TOT","PC_GDP","A","2006",-20.5291,
"LVA","BOP","TOT","PC_GDP","A","2007",-20.80706,
"LVA","BOP","TOT","PC_GDP","A","2008",-12.30435,
"LVA","BOP","TOT","PC_GDP","A","2009",8.157891,
"LVA","BOP","TOT","PC_GDP","A","2010",2.736623,
"LVA","BOP","TOT","PC_GDP","A","2011",-2.732263,
"LVA","BOP","TOT","PC_GDP","A","2012",-3.279443,
"LVA","BOP","TOT","PC_GDP","A","2013",-2.901225,
"LVA","BOP","TOT","PC_GDP","A","2014",-1.599946,
"LVA","BOP","TOT","PC_GDP","A","2015",-0.5331244,
"LVA","BOP","TOT","PC_GDP","A","2016",1.698768,
"LVA","BOP","TOT","PC_GDP","A","2017",1.145105,
"LVA","BOP","TOT","PC_GDP","A","2018",-0.09604317,
"LVA","BOP","TOT","PC_GDP","A","2019",-0.5546996,
"LVA","BOP","TOT","PC_GDP","A","2020",2.958221,
"OECD","BOP","TOT","PC_GDP","A","2005",-1.354761,"E"
"OECD","BOP","TOT","PC_GDP","A","2006",-1.494755,
"OECD","BOP","TOT","PC_GDP","A","2007",-1.344914,
"OECD","BOP","TOT","PC_GDP","A","2008",-1.708423,
"OECD","BOP","TOT","PC_GDP","A","2009",-0.5004031,
"OECD","BOP","TOT","PC_GDP","A","2010",-0.4182599,"B"
"OECD","BOP","TOT","PC_GDP","A","2011",-0.6221044,
"OECD","BOP","TOT","PC_GDP","A","2012",-0.3733542,
"OECD","BOP","TOT","PC_GDP","A","2013",-0.01251769,
"OECD","BOP","TOT","PC_GDP","A","2014",-0.02393244,
"OECD","BOP","TOT","PC_GDP","A","2015",0.07808705,
"OECD","BOP","TOT","PC_GDP","A","2016",0.2914574,
"OECD","BOP","TOT","PC_GDP","A","2017",0.4673288,"P"
"OECD","BOP","TOT","PC_GDP","A","2018",0.2934737,"P"
"OECD","BOP","TOT","PC_GDP","A","2019",0.3359402,"P"
"OECD","BOP","TOT","PC_GDP","A","2020",0.06433962,"P"
"G-7","BOP","TOT","PC_GDP","A","1999",-0.8491073,
"G-7","BOP","TOT","PC_GDP","A","2000",-1.408357,
"G-7","BOP","TOT","PC_GDP","A","2001",-1.40382,
"G-7","BOP","TOT","PC_GDP","A","2002",-1.430297,
"G-7","BOP","TOT","PC_GDP","A","2003",-1.491335,
"G-7","BOP","TOT","PC_GDP","A","2004",-1.304766,
"G-7","BOP","TOT","PC_GDP","A","2005",-1.706753,
"G-7","BOP","TOT","PC_GDP","A","2006",-1.842122,
"G-7","BOP","TOT","PC_GDP","A","2007",-1.299559,
"G-7","BOP","TOT","PC_GDP","A","2008",-1.614191,
"G-7","BOP","TOT","PC_GDP","A","2009",-0.6589239,
"G-7","BOP","TOT","PC_GDP","A","2010",-0.714802,
"G-7","BOP","TOT","PC_GDP","A","2011",-0.8056939,
"G-7","BOP","TOT","PC_GDP","A","2012",-0.8279777,
"G-7","BOP","TOT","PC_GDP","A","2013",-0.6513056,
"G-7","BOP","TOT","PC_GDP","A","2014",-0.6614044,
"G-7","BOP","TOT","PC_GDP","A","2015",-0.4991098,
"G-7","BOP","TOT","PC_GDP","A","2016",-0.1839459,
"G-7","BOP","TOT","PC_GDP","A","2017",0.04816186,
"G-7","BOP","TOT","PC_GDP","A","2018",-0.1838468,"P"
"G-7","BOP","TOT","PC_GDP","A","2019",-0.1644011,"P"
"G-7","BOP","TOT","PC_GDP","A","2020",-0.7314547,"P"
"ARG","BOP","TOT","PC_GDP","A","2006",2.77263,
"ARG","BOP","TOT","PC_GDP","A","2007",2.087465,
"ARG","BOP","TOT","PC_GDP","A","2008",1.482645,
"ARG","BOP","TOT","PC_GDP","A","2009",2.156656,
"ARG","BOP","TOT","PC_GDP","A","2010",-0.3805495,
"ARG","BOP","TOT","PC_GDP","A","2011",-1.007281,
"ARG","BOP","TOT","PC_GDP","A","2012",-0.3677205,
"ARG","BOP","TOT","PC_GDP","A","2013",-2.139904,
"ARG","BOP","TOT","PC_GDP","A","2014",-1.618733,
"ARG","BOP","TOT","PC_GDP","A","2015",-2.732501,
"ARG","BOP","TOT","PC_GDP","A","2016",-2.709222,
"ARG","BOP","TOT","PC_GDP","A","2017",-4.839959,
"ARG","BOP","TOT","PC_GDP","A","2018",-5.160553,
"ARG","BOP","TOT","PC_GDP","A","2019",-0.8193127,
"ARG","BOP","TOT","PC_GDP","A","2020",0.8503147,
"CRI","BOP","TOT","PC_GDP","A","1999",-5.644003,
"CRI","BOP","TOT","PC_GDP","A","2000",-4.566416,
"CRI","BOP","TOT","PC_GDP","A","2001",-3.224497,
"CRI","BOP","TOT","PC_GDP","A","2002",-5.129944,
"CRI","BOP","TOT","PC_GDP","A","2003",-5.117283,
"CRI","BOP","TOT","PC_GDP","A","2004",-3.564784,
"CRI","BOP","TOT","PC_GDP","A","2005",-4.175149,
"CRI","BOP","TOT","PC_GDP","A","2006",-4.039847,
"CRI","BOP","TOT","PC_GDP","A","2007",-5.444343,
"CRI","BOP","TOT","PC_GDP","A","2008",-8.3405,
"CRI","BOP","TOT","PC_GDP","A","2009",-1.734713,
"CRI","BOP","TOT","PC_GDP","A","2010",-3.223829,
"CRI","BOP","TOT","PC_GDP","A","2011",-5.336858,
"CRI","BOP","TOT","PC_GDP","A","2012",-5.140832,
"CRI","BOP","TOT","PC_GDP","A","2013",-4.803446,
"CRI","BOP","TOT","PC_GDP","A","2014",-4.747425,
"CRI","BOP","TOT","PC_GDP","A","2015",-3.396075,
"CRI","BOP","TOT","PC_GDP","A","2016",-2.100089,
"CRI","BOP","TOT","PC_GDP","A","2017",-3.568145,
"CRI","BOP","TOT","PC_GDP","A","2018",-2.953372,
"CRI","BOP","TOT","PC_GDP","A","2019",-2.094802,
"CRI","BOP","TOT","PC_GDP","A","2020",-2.303592,
"LTU","BOP","TOT","PC_GDP","A","2004",-7.670282,
"LTU","BOP","TOT","PC_GDP","A","2005",-7.302219,
"LTU","BOP","TOT","PC_GDP","A","2006",-10.57319,
"LTU","BOP","TOT","PC_GDP","A","2007",-15.11553,
"LTU","BOP","TOT","PC_GDP","A","2008",-12.98476,
"LTU","BOP","TOT","PC_GDP","A","2009",1.940253,
"LTU","BOP","TOT","PC_GDP","A","2010",-1.754023,
"LTU","BOP","TOT","PC_GDP","A","2011",-2.871939,
"LTU","BOP","TOT","PC_GDP","A","2012",-1.461471,
"LTU","BOP","TOT","PC_GDP","A","2013",2.280852,
"LTU","BOP","TOT","PC_GDP","A","2014",2.711193,
"LTU","BOP","TOT","PC_GDP","A","2015",-2.063852,
"LTU","BOP","TOT","PC_GDP","A","2016",-1.853568,
"LTU","BOP","TOT","PC_GDP","A","2017",0.5282866,
"LTU","BOP","TOT","PC_GDP","A","2018",0.8246987,
"LTU","BOP","TOT","PC_GDP","A","2019",3.994935,
"LTU","BOP","TOT","PC_GDP","A","2020",5.256465,
"SAU","BOP","TOT","PC_GDP","A","2006",26.28439,
"SAU","BOP","TOT","PC_GDP","A","2007",22.45184,
"SAU","BOP","TOT","PC_GDP","A","2008",25.45652,
"SAU","BOP","TOT","PC_GDP","A","2009",4.88341,
"SAU","BOP","TOT","PC_GDP","A","2010",12.63727,
"SAU","BOP","TOT","PC_GDP","A","2011",23.61979,
"SAU","BOP","TOT","PC_GDP","A","2012",22.38713,
"SAU","BOP","TOT","PC_GDP","A","2013",18.14008,
"SAU","BOP","TOT","PC_GDP","A","2014",9.751858,
"SAU","BOP","TOT","PC_GDP","A","2015",-8.669785,
"SAU","BOP","TOT","PC_GDP","A","2016",-3.69692,
"SAU","BOP","TOT","PC_GDP","A","2017",1.519678,
"SAU","BOP","TOT","PC_GDP","A","2018",9.15064,
"SAU","BOP","TOT","PC_GDP","A","2019",4.821119,
"SAU","BOP","TOT","PC_GDP","A","2020",-3.080189,
"EU27_2020","BOP","TOT","PC_GDP","A","1999",0.1507843,
"EU27_2020","BOP","TOT","PC_GDP","A","2000",-0.5042801,
"EU27_2020","BOP","TOT","PC_GDP","A","2001",-0.3739612,
"EU27_2020","BOP","TOT","PC_GDP","A","2002",0.1249286,
"EU27_2020","BOP","TOT","PC_GDP","A","2003",0.08855145,
"EU27_2020","BOP","TOT","PC_GDP","A","2004",0.5173671,
"EU27_2020","BOP","TOT","PC_GDP","A","2005",-0.03988586,
"EU27_2020","BOP","TOT","PC_GDP","A","2006",-0.2690213,
"EU27_2020","BOP","TOT","PC_GDP","A","2007",-0.2271572,
"EU27_2020","BOP","TOT","PC_GDP","A","2008",-1.432053,
"EU27_2020","BOP","TOT","PC_GDP","A","2009",0.334675,
"EU27_2020","BOP","TOT","PC_GDP","A","2010",0.6083877,
"EU27_2020","BOP","TOT","PC_GDP","A","2011",0.6201835,
"EU27_2020","BOP","TOT","PC_GDP","A","2012",1.701177,
"EU27_2020","BOP","TOT","PC_GDP","A","2013",2.474839,
"EU27_2020","BOP","TOT","PC_GDP","A","2014",2.487171,
"EU27_2020","BOP","TOT","PC_GDP","A","2015",2.904892,
"EU27_2020","BOP","TOT","PC_GDP","A","2016",3.187935,
"EU27_2020","BOP","TOT","PC_GDP","A","2017",3.063864,
"EU27_2020","BOP","TOT","PC_GDP","A","2018",2.925545,
"EU27_2020","BOP","TOT","PC_GDP","A","2019",2.466891,
"EU27_2020","BOP","TOT","PC_GDP","A","2020",2.398893,
